{
  "project_info": {
    "project_number": "341706233552",
    "firebase_url": "https://latestserver-74110-default-rtdb.firebaseio.com",
    "project_id": "latestserver-74110",
    "storage_bucket": "latestserver-74110.firebasestorage.app"
  },
  "client": [
    {
      "client_info": {
        "mobilesdk_app_id": "1:341706233552:android:fa4e626aca89cb368b30d5",
        "android_client_info": {
          "package_name": "pubgm.loader"
        }
      },
      "oauth_client": [],
      "api_key": [
        {
          "current_key": "AIzaSyDOojp3fxxrO7oR0c2AG_p5iW-GrV_6QyE"
        }
      ],
      "services": {
        "appinvite_service": {
          "other_platform_oauth_client": []
        }
      }
    }
  ],
  "configuration_version": "1"
}